series_id,window_size,n_windows,series_length,ARIMA_mae,ARIMA_rmse,ARIMA_valid_predictions,Prophet_mae,Prophet_rmse,Prophet_valid_predictions,Linear_mae,Linear_rmse,Linear_valid_predictions,XGBoost_mae,XGBoost_rmse,XGBoost_valid_predictions,dataset
retail_sales_0,200,30,1168,18.53258723033704,26.522391139230884,30,30.852987605195903,35.21946560039579,30,29.389038318671385,35.40914220111791,30,25.38783066134725,37.066645934464404,30,retail_sales
retail_sales_1,200,30,1117,23.097338882692572,27.125101904440953,30,29.404434884341192,31.669443954812483,30,29.259019108865672,33.65159505352795,30,21.08605664137526,24.58886737713669,30,retail_sales
retail_sales_2,200,30,1168,12.134400796737085,14.832413896872751,30,18.043632703815753,21.15299362279462,30,18.644711810621992,23.319593619500235,30,14.036796860790137,17.084497334722567,30,retail_sales
