series_id,dataset,train_length,test_length,LSTM_mae,LSTM_rmse,Transformer_mae,Transformer_rmse
retail_sales_0,retail_sales,1168,293,63.34700319030651,73.00615297448373,57.740539852952566,66.38846184932382
retail_sales_1,retail_sales,1168,293,33.65927073451561,44.42005757046881,44.80664830152827,53.22783260818642
retail_sales_2,retail_sales,1168,293,41.790823499493044,51.135007753766715,78.1361200739274,95.14329555221823
retail_sales_3,retail_sales,1168,293,34.95234785179247,45.404022789975485,34.40771342657511,45.44388574511461
retail_sales_4,retail_sales,1168,293,87.22202466858737,100.32291558451179,51.31451257318351,63.31765470663896
